[
  {
    "id": "rJKAbDd_z",
    "companyId": "HJRa-DOuG",
    "title": "Frontend Developer",
    "description": "We are looking for a Frontend Developer familiar with React."
  },
  {
    "id": "SJRAZDu_z",
    "companyId": "HJRa-DOuG",
    "title": "Backend Developer",
    "description": "We are looking for a Backend Developer familiar with Node.js and Express."
  },
  {
    "id": "rkz1GwOOM",
    "companyId": "SJV0-wdOM",
    "title": "Full-Stack Developer",
    "description": "We are looking for a Full-Stack Developer familiar with Node.js, Express, and React."
  },
  {
    "id": "SkfS7pkqM",
    "companyId": "SJV0-wdOM",
    "title": "DevOps Engineer",
    "description": "We need somebody to restart the servers when they fall over."
  },
  {
    "id": "r1VTGxlcf",
    "companyId": "SJV0-wdOM",
    "title": "Tester",
    "description": "You must be good at finding bugs."
  },
  {
    "id": "Hk9_BexcM",
    "title": "Product Manager",
    "description": "You need to give something to do to the developers otherwise they get bored.",
    "companyId": "HJRa-DOuG"
  }
]
